产品,课程页面,锚文本,跳转链接
SunFounder Da Vinci Kit for Raspberry Pi,https://docs.sunfounder.com/projects/davinci-kit/en/latest/introduction.html,Da Vinci kit,https://www.sunfounder.com/products/sunfounder-davinci-kit
,https://docs.sunfounder.com/projects/davinci-kit/en/latest/what_do_we_need.html,USB keyboard,https://www.sunfounder.com/products/keyboard-mouse
,https://docs.sunfounder.com/projects/davinci-kit/en/latest/gpio_extension_board.html,breadboard,https://www.sunfounder.com/products/sunfounder-breadboard-kit
,https://docs.sunfounder.com/projects/davinci-kit/en/latest/1.1.1_blinking_led.html,breadboard,https://www.sunfounder.com/products/sunfounder-breadboard-kit
,https://docs.sunfounder.com/projects/davinci-kit/en/latest/1.1.6_led_dot_matrix.html,LED dot matrix,https://www.sunfounder.com/products/rgb-matrix
,https://docs.sunfounder.com/projects/davinci-kit/en/latest/1.1.7_i2c_lcd1602.html,LCD1602,https://www.sunfounder.com/products/i2c-lcd1602-module
,https://docs.sunfounder.com/projects/davinci-kit/en/latest/1.3.2_servo.html,servo,https://www.sunfounder.com/products/sf0180-servo-motor
,https://docs.sunfounder.com/projects/davinci-kit/en/latest/2.1.2_slide%20Switch.html,breadboard,https://www.sunfounder.com/products/sunfounder-breadboard-kit
,https://docs.sunfounder.com/projects/davinci-kit/en/latest/2.1.5_keypad.html,keypad,https://www.sunfounder.com/products/membrane-switch-keypad
,https://docs.sunfounder.com/projects/davinci-kit/en/latest/2.2.4_pir.html,human body infrared pyroelectric sensors,https://www.sunfounder.com/products/hcsr501-infrared-sensor
,https://docs.sunfounder.com/projects/davinci-kit/en/latest/2.2.5_ultrasonic_sensor_module.html,ultrasonic sensor,https://www.sunfounder.com/products/hcsr04-distance-sensor
,https://docs.sunfounder.com/projects/davinci-kit/en/latest/2.2.6_mpu6050_module.html,MPU-6050,https://www.sunfounder.com/products/mpu605_module
,https://docs.sunfounder.com/projects/davinci-kit/en/latest/2.2.7_mfrc522_rfid_module.html,RFID,https://www.sunfounder.com/products/rfid-kit-blue
,https://docs.sunfounder.com/projects/davinci-kit/en/latest/3.1.2_welcome.html,PIR,https://www.sunfounder.com/products/hcsr501-infrared-sensor
,https://docs.sunfounder.com/projects/davinci-kit/en/latest/3.1.2_welcome.html,servos,https://www.sunfounder.com/products/sf0180-servo-motor
,https://docs.sunfounder.com/projects/davinci-kit/en/latest/3.1.3_reversing_alarm.html,LCD,https://www.sunfounder.com/products/i2c-lcd1602-module
,https://docs.sunfounder.com/projects/davinci-kit/en/latest/3.1.6_motion_control.html,MPU6050,https://www.sunfounder.com/products/mpu605_module
,https://docs.sunfounder.com/projects/davinci-kit/en/latest/3.1.8_overheat_monitor.html,LCD,https://www.sunfounder.com/products/i2c-lcd1602-module
,https://docs.sunfounder.com/projects/davinci-kit/en/latest/3.1.9_password_lock.html,LCD,https://www.sunfounder.com/products/i2c-lcd1602-module
,https://docs.sunfounder.com/projects/davinci-kit/en/latest/3.1.12_game_guess_number.html,keypad,https://www.sunfounder.com/products/membrane-switch-keypad
,https://docs.sunfounder.com/projects/davinci-kit/en/latest/3.1.12_game_guess_number.html,LCD,https://www.sunfounder.com/products/i2c-lcd1602-module
,https://docs.sunfounder.com/projects/davinci-kit/en/latest/3.1.14_game_not_not.html,dot matrix,https://www.sunfounder.com/products/rgb-matrix
Thales Kit for Raspberry Pi Pico,https://docs.sunfounder.com/projects/thales-kit/en/latest/index.html#,SunFounder Thales Kit,https://www.sunfounder.com/products/pico-starter-kit
,https://docs.sunfounder.com/projects/thales-kit/en/latest/index.html#,MicroPython,https://micropython.org/
,https://docs.sunfounder.com/projects/thales-kit/en/latest/index.html#,Arduino,https://www.arduino.cc/
,https://docs.sunfounder.com/projects/thales-kit/en/latest/introduction_to_raspberry_pi_pico.html,Raspberry Pi RP2040,https://www.raspberrypi.org/documentation/rp2040/getting-started/
,https://docs.sunfounder.com/projects/thales-kit/en/latest/breadboard.html#breadboard,breadboard,https://www.sunfounder.com/products/sunfounder-breadboard-kit
,https://docs.sunfounder.com/projects/thales-kit/en/latest/thermistor.html,temperature sensors,https://www.sunfounder.com/products/analog-temperature-sensor-module
,https://docs.sunfounder.com/projects/thales-kit/en/latest/i2c_lcd1602.html,LCD1602,https://www.sunfounder.com/products/i2c-lcd1602-module
,https://docs.sunfounder.com/projects/thales-kit/en/latest/getting_started_with_micropython.html,ARM Cortex-M,https://developer.arm.com/ip-products/processors/cortex-m
Vincent Kit for Arduino,https://docs.sunfounder.com/projects/vincent-kit/en/latest/,Mega2560,https://www.sunfounder.com/products/arduino-mega2560-board
,https://docs.sunfounder.com/projects/vincent-kit/en/latest/introduction.html,Vincent Kit,https://www.sunfounder.com/products/mega2560-starter-kit-for-arduino
,https://docs.sunfounder.com/projects/vincent-kit/en/latest/1.2_digital_write.html,Mega2560 board,https://www.sunfounder.com/products/arduino-mega2560-board
,https://docs.sunfounder.com/projects/vincent-kit/en/latest/1.3_analog_write.html,Mega2560 board,https://www.sunfounder.com/products/arduino-mega2560-board
,https://docs.sunfounder.com/projects/vincent-kit/en/latest/1.5_analog_read.html,Mega2560 board,https://www.sunfounder.com/products/arduino-mega2560-board
,https://docs.sunfounder.com/projects/vincent-kit/en/latest/1.6_digital_input_control_output.html,Mega2560 board,https://www.sunfounder.com/products/arduino-mega2560-board
,https://docs.sunfounder.com/projects/vincent-kit/en/latest/1.7_analog_input_control_output.html,Mega2560 board,https://www.sunfounder.com/products/arduino-mega2560-board
,https://docs.sunfounder.com/projects/vincent-kit/en/latest/1.8_serial_read.html,Mega2560 board,https://www.sunfounder.com/products/arduino-mega2560-board
,https://docs.sunfounder.com/projects/vincent-kit/en/latest/1.9_digital_input_pull-up.html,Mega2560 board,https://www.sunfounder.com/products/arduino-mega2560-board
,https://docs.sunfounder.com/projects/vincent-kit/en/latest/1.10_state_change_detection.html,Mega2560 board,https://www.sunfounder.com/products/arduino-mega2560-board
,https://docs.sunfounder.com/projects/vincent-kit/en/latest/1.11_interval.html,Mega2560 board,https://www.sunfounder.com/products/arduino-mega2560-board
,https://docs.sunfounder.com/projects/vincent-kit/en/latest/2.1_acommon_component.html,breadboard,https://www.sunfounder.com/products/sunfounder-breadboard-kit
,https://docs.sunfounder.com/projects/vincent-kit/en/latest/2.6_74hc595.html,Mega2560 board,https://www.sunfounder.com/products/arduino-mega2560-board
,https://docs.sunfounder.com/projects/vincent-kit/en/latest/2.7_4-digital_7-segment_display.html,Mega 2560 Board,https://www.sunfounder.com/products/arduino-mega2560-board
,https://docs.sunfounder.com/projects/vincent-kit/en/latest/2.8_led_matrix_module.html,LED Matrix Module,https://www.sunfounder.com/products/rgb-matrix
,https://docs.sunfounder.com/projects/vincent-kit/en/latest/2.9_i2c_lcd1602_module.html,LCD1602,https://www.sunfounder.com/products/i2c-lcd1602-module
,https://docs.sunfounder.com/projects/vincent-kit/en/latest/2.9_i2c_lcd1602_module.html,Mega2560 board,https://www.sunfounder.com/products/arduino-mega2560-board
,https://docs.sunfounder.com/projects/vincent-kit/en/latest/2.12_servo.html,Servo,https://www.sunfounder.com/collections/servos
,https://docs.sunfounder.com/projects/vincent-kit/en/latest/2.12_servo.html,Mega2560 board,https://www.sunfounder.com/products/arduino-mega2560-board
,https://docs.sunfounder.com/projects/vincent-kit/en/latest/2.13_motor.html,Mega 2560 Board,https://www.sunfounder.com/products/arduino-mega2560-board
,https://docs.sunfounder.com/projects/vincent-kit/en/latest/2.14_stepper_motor.html,Mega 2560 Board,https://www.sunfounder.com/products/arduino-mega2560-board
,https://docs.sunfounder.com/projects/vincent-kit/en/latest/2.15_button.html,Mega2560 board,https://www.sunfounder.com/products/arduino-mega2560-board
,https://docs.sunfounder.com/projects/vincent-kit/en/latest/2.16_slide_switch.html,Mega2560 board,https://www.sunfounder.com/products/arduino-mega2560-board
,https://docs.sunfounder.com/projects/vincent-kit/en/latest/2.17_tilt_switch.html,Mega2560 board,https://www.sunfounder.com/products/arduino-mega2560-board
,https://docs.sunfounder.com/projects/vincent-kit/en/latest/2.18_touch_switch_module.html,Mega2560 board,https://www.sunfounder.com/products/arduino-mega2560-board
,https://docs.sunfounder.com/projects/vincent-kit/en/latest/2.19_keypad.html,Keypad,https://www.sunfounder.com/products/membrane-switch-keypad
,https://docs.sunfounder.com/projects/vincent-kit/en/latest/2.19_keypad.html,Mega2560 board,https://www.sunfounder.com/products/arduino-mega2560-board
,https://docs.sunfounder.com/projects/vincent-kit/en/latest/2.20_ir_receiver_module.html,Mega2560 board,https://www.sunfounder.com/products/arduino-mega2560-board
,https://docs.sunfounder.com/projects/vincent-kit/en/latest/2.21_relay_module.html,Mega2560 board,https://www.sunfounder.com/products/arduino-mega2560-board
,https://docs.sunfounder.com/projects/vincent-kit/en/latest/2.22_potentiometer.html,Mega2560 board,https://www.sunfounder.com/products/arduino-mega2560-board
,https://docs.sunfounder.com/projects/vincent-kit/en/latest/2.23_joystick_module.html,Mega2560 board,https://www.sunfounder.com/products/arduino-mega2560-board
,https://docs.sunfounder.com/projects/vincent-kit/en/latest/2.24_mpr121_module.html,breadboard,https://www.sunfounder.com/products/sunfounder-breadboard-kit
,https://docs.sunfounder.com/projects/vincent-kit/en/latest/2.24_mpr121_module.html,Mega2560 board,https://www.sunfounder.com/products/arduino-mega2560-board
,https://docs.sunfounder.com/projects/vincent-kit/en/latest/2.25_rotary_encoder_module.html,Mega 2560 Board,https://www.sunfounder.com/products/arduino-mega2560-board
,https://docs.sunfounder.com/projects/vincent-kit/en/latest/2.26_photoresistor.html,Mega2560 board,https://www.sunfounder.com/products/arduino-mega2560-board
,https://docs.sunfounder.com/projects/vincent-kit/en/latest/2.27_thermistor.html,Mega2560 board,https://www.sunfounder.com/products/arduino-mega2560-board
,https://docs.sunfounder.com/projects/vincent-kit/en/latest/2.28_sound_sensor_module.html,Mega 2560 Board,https://www.sunfounder.com/products/arduino-mega2560-board
,https://docs.sunfounder.com/projects/vincent-kit/en/latest/2.29_water_sensor_module.html,Mega 2560 Board,https://www.sunfounder.com/products/arduino-mega2560-board
,https://docs.sunfounder.com/projects/vincent-kit/en/latest/2.30_ir_obstacle_avoidance_sensor.html,Mega 2560 Board,https://www.sunfounder.com/products/arduino-mega2560-board
,https://docs.sunfounder.com/projects/vincent-kit/en/latest/2.31_pir_module.html,PIR Module,https://www.sunfounder.com/products/hcsr501-infrared-sensor
,https://docs.sunfounder.com/projects/vincent-kit/en/latest/2.31_pir_module.html,Mega 2560 Board,https://www.sunfounder.com/products/arduino-mega2560-board
,https://docs.sunfounder.com/projects/vincent-kit/en/latest/2.32_dht11_module.html,Mega2560 board,https://www.sunfounder.com/products/arduino-mega2560-board
,https://docs.sunfounder.com/projects/vincent-kit/en/latest/2.33_ultrasonic_module.html,Ultrasonic module,https://www.sunfounder.com/products/hcsr04-distance-sensor
,https://docs.sunfounder.com/projects/vincent-kit/en/latest/2.33_ultrasonic_module.html,Mega 2560 Board,https://www.sunfounder.com/products/arduino-mega2560-board
,https://docs.sunfounder.com/projects/vincent-kit/en/latest/2.34_mpu6050_module.html,MPU6050,https://www.sunfounder.com/products/triple-axial-gyroscope
,https://docs.sunfounder.com/projects/vincent-kit/en/latest/2.34_mpu6050_module.html,breadboard,https://www.sunfounder.com/products/sunfounder-breadboard-kit
,https://docs.sunfounder.com/projects/vincent-kit/en/latest/2.34_mpu6050_module.html,Mega2560 board,https://www.sunfounder.com/products/arduino-mega2560-board
,https://docs.sunfounder.com/projects/vincent-kit/en/latest/2.35_rfid-rc522_module.html,RFID Module,https://www.sunfounder.com/products/rfid-kit-blue
,https://docs.sunfounder.com/projects/vincent-kit/en/latest/2.35_rfid-rc522_module.html,Mega2560 board,https://www.sunfounder.com/products/arduino-mega2560-board
,https://docs.sunfounder.com/projects/vincent-kit/en/latest/3.1_Reversing_Aid.html,Ultrasonic module,https://www.sunfounder.com/products/hcsr04-distance-sensor
,https://docs.sunfounder.com/projects/vincent-kit/en/latest/3.1_Reversing_Aid.html,LCD,https://www.sunfounder.com/products/i2c-lcd1602-module
,https://docs.sunfounder.com/projects/vincent-kit/en/latest/3.4_Guess_Number.html,LCD1602,https://www.sunfounder.com/products/i2c-lcd1602-module
,https://docs.sunfounder.com/projects/vincent-kit/en/latest/3.5_Access_Control_System.html,breadboard,https://www.sunfounder.com/products/sunfounder-breadboard-kit
,https://docs.sunfounder.com/projects/vincent-kit/en/latest/3.5_Access_Control_System.html,Mega 2560 Board,https://www.sunfounder.com/products/arduino-mega2560-board
,https://docs.sunfounder.com/projects/vincent-kit/en/latest/3.5_Access_Control_System.html,LCD,https://www.sunfounder.com/products/i2c-lcd1602-module
,https://docs.sunfounder.com/projects/vincent-kit/en/latest/part_4_appendix.html,Arduino IDE,https://www.arduino.cc/en/software
SunFounder Electronic Kit for Raspberry Pi and Arduino,https://docs.sunfounder.com/projects/electronic-kit/en/latest/index.html,This kit,https://www.sunfounder.com/products/electronics-fun-kit
,https://docs.sunfounder.com/projects/electronic-kit/en/latest/index.html,SunFounder Uno,https://www.sunfounder.com/products/arduino-unor3-control-board
,https://docs.sunfounder.com/projects/electronic-kit/en/latest/index.html,SunFounder Mega 2560,https://www.sunfounder.com/products/arduino-mega2560-board
,https://docs.sunfounder.com/projects/electronic-kit/en/latest/index.html,SunFounder Nano,https://www.sunfounder.com/products/arduino-nano-board
,https://docs.sunfounder.com/projects/electronic-kit/en/latest/lesson_1_blinking_led.html,breadboard,https://www.sunfounder.com/products/sunfounder-breadboard-kit
,https://docs.sunfounder.com/projects/electronic-kit/en/latest/lesson_16_servo.html,servo,https://www.sunfounder.com/collections/servos
,https://docs.sunfounder.com/projects/electronic-kit/en/latest/lesson_17_lcd1602.html,LCD1602,https://www.sunfounder.com/products/i2c-lcd1602-module
Uno and Mega Kit for Arduino,https://docs.sunfounder.com/projects/uno-mega-kit/en/latest/#about-the-mega-uno-kit,Mega/Uno Kit,https://www.sunfounder.com/products/mega2560-project-starter-kit
,https://docs.sunfounder.com/projects/uno-mega-kit/en/latest/blinking_led.html,breadboard,https://www.sunfounder.com/products/sunfounder-breadboard-kit
,https://docs.sunfounder.com/projects/uno-mega-kit/en/latest/servo.html,Servo,https://www.sunfounder.com/collections/servos
,https://docs.sunfounder.com/projects/uno-mega-kit/en/latest/lcd1602.html,LCD1602,https://www.sunfounder.com/products/i2c-lcd1602-module
,https://docs.sunfounder.com/projects/uno-mega-kit/en/latest/ultrasonic.html,ultrasonic sensor,https://www.sunfounder.com/products/hcsr04-distance-sensor
,https://docs.sunfounder.com/projects/uno-mega-kit/en/latest/blinking_led_uno.html,breadboard,https://www.sunfounder.com/products/sunfounder-breadboard-kit
,https://docs.sunfounder.com/projects/uno-mega-kit/en/latest/servo_uno.html,Servo,https://www.sunfounder.com/collections/servos
,https://docs.sunfounder.com/projects/uno-mega-kit/en/latest/lcd1602_uno.html,LCD1602,https://www.sunfounder.com/products/i2c-lcd1602-module
,https://docs.sunfounder.com/projects/uno-mega-kit/en/latest/ultrasonic_uno.html,ultrasonic sensor,https://www.sunfounder.com/products/hcsr04-distance-sensor
Super Kit V2 for Raspberry Pi,https://docs.sunfounder.com/projects/superkit-v2-pi/en/latest/index.html,super kit is suitable for the Raspberry Pi,https://www.sunfounder.com/products/super-starter-kit-v2
,https://docs.sunfounder.com/projects/superkit-v2-pi/en/latest/preparation/what_do_we_need.html,screen,https://www.sunfounder.com/collections/monitors
,https://docs.sunfounder.com/projects/superkit-v2-pi/en/latest/preparation/what_do_we_need.html,a USB keyboard and a USB mouse,https://www.sunfounder.com/products/keyboard-mouse
,https://docs.sunfounder.com/projects/superkit-v2-pi/en/latest/preparation/what_do_we_need.html,case,https://www.sunfounder.com/collections/raspberry-pi-cases
,https://docs.sunfounder.com/projects/superkit-v2-pi/en/latest/preparation/set_up_your_raspberry_pi.html,screen,https://www.sunfounder.com/collections/monitors
,https://docs.sunfounder.com/projects/superkit-v2-pi/en/latest/Lesson_8_rotary_encoder.html,rotary encoder,https://www.sunfounder.com/products/rotary-encoder-module
,https://docs.sunfounder.com/projects/superkit-v2-pi/en/latest/Lesson_12_driving_dot-matrix_by_74hc595.html,dot matrix LED,https://www.sunfounder.com/products/rgb-matrix
,https://docs.sunfounder.com/projects/superkit-v2-pi/en/latest/Lesson_13_lcd1602.html,LCD1602,https://www.sunfounder.com/products/i2c-lcd1602-module
,https://docs.sunfounder.com/projects/superkit-v2-pi/en/latest/Lesson_14_adxl345.html,acceleration sensor ADXL345,https://www.sunfounder.com/products/digital-accelerometer
Super Kit V3 for Raspberry Pi,https://docs.sunfounder.com/projects/superkit-v3-pi/en/latest/,super kit is suitable for the Raspberry Pi,https://www.sunfounder.com/products/starter-kit-v3-for-raspberrypi
,https://docs.sunfounder.com/projects/superkit-v3-pi/en/latest/t_extension_board.html,GPIO Extension Board,https://www.sunfounder.com/products/t-shape-gpio-extension-board
,https://docs.sunfounder.com/projects/superkit-v3-pi/en/latest/rab_holder.html,RAB Holder,https://www.sunfounder.com/products/new-rab-holder-kit
,https://docs.sunfounder.com/projects/superkit-v3-pi/en/latest/rab_holder.html,T-Extension Board,https://www.sunfounder.com/products/t-shape-gpio-extension-board
,https://docs.sunfounder.com/projects/superkit-v3-pi/en/latest/Lesson_2_controlling_an_led_by_a_button.html,Buttons are a common component,https://www.sunfounder.com/products/button-module
,https://docs.sunfounder.com/projects/superkit-v3-pi/en/latest/Lesson_6_buzzer.html,active buzzer,https://www.sunfounder.com/products/active-buzzer-module
,https://docs.sunfounder.com/projects/superkit-v3-pi/en/latest/Lesson_6_buzzer.html,passive buzzer,https://www.sunfounder.com/products/passive-buzzer-module
,https://docs.sunfounder.com/projects/superkit-v3-pi/en/latest/Lesson_8_4n35.html,T-Extension Board,https://www.sunfounder.com/products/t-shape-gpio-extension-board
,https://docs.sunfounder.com/projects/superkit-v3-pi/en/latest/Lesson_9_ne555.html,Breadboard,https://www.sunfounder.com/products/sunfounder-breadboard-kit
,https://docs.sunfounder.com/projects/superkit-v3-pi/en/latest/Lesson_9_ne555.html,T-Extension Board,https://www.sunfounder.com/products/t-shape-gpio-extension-board
,https://docs.sunfounder.com/projects/superkit-v3-pi/en/latest/Lesson_10_slide_switch.html,T-Extension Board,https://www.sunfounder.com/products/t-shape-gpio-extension-board
,https://docs.sunfounder.com/projects/superkit-v3-pi/en/latest/Lesson_10_slide_switch.html,Breadboard,https://www.sunfounder.com/products/sunfounder-breadboard-kit
,https://docs.sunfounder.com/projects/superkit-v3-pi/en/latest/Lesson_11_how_to_drive_a_dc_motor.html,Breadboard,https://www.sunfounder.com/products/sunfounder-breadboard-kit
,https://docs.sunfounder.com/projects/superkit-v3-pi/en/latest/Lesson_11_how_to_drive_a_dc_motor.html,T-Extension Board,https://www.sunfounder.com/products/t-shape-gpio-extension-board
,https://docs.sunfounder.com/projects/superkit-v3-pi/en/latest/Lesson_12_rotary_encoder.html,rotary encoder,https://www.sunfounder.com/products/rotary-encoder-module
,https://docs.sunfounder.com/projects/superkit-v3-pi/en/latest/Lesson_12_rotary_encoder.html,Breadboard,https://www.sunfounder.com/products/sunfounder-breadboard-kit
,https://docs.sunfounder.com/projects/superkit-v3-pi/en/latest/Lesson_12_rotary_encoder.html,T-Extension Board,https://www.sunfounder.com/products/t-shape-gpio-extension-board
,https://docs.sunfounder.com/projects/superkit-v3-pi/en/latest/Lesson_13_driving_leds_by_74hc595.html,Breadboard,https://www.sunfounder.com/products/sunfounder-breadboard-kit
,https://docs.sunfounder.com/projects/superkit-v3-pi/en/latest/Lesson_13_driving_leds_by_74hc595.html,T-Extension Board,https://www.sunfounder.com/products/t-shape-gpio-extension-board
,https://docs.sunfounder.com/projects/superkit-v3-pi/en/latest/Lesson_14_driving_7-segment_display_by_74hc595.html,Breadboard,https://www.sunfounder.com/products/sunfounder-breadboard-kit
,https://docs.sunfounder.com/projects/superkit-v3-pi/en/latest/Lesson_14_driving_7-segment_display_by_74hc595.html,T-Extension Board,https://www.sunfounder.com/products/t-shape-gpio-extension-board
,https://docs.sunfounder.com/projects/superkit-v3-pi/en/latest/Lesson_15_driving_dot-matrix_by_74hc595.html,LED dot matrix,https://www.sunfounder.com/products/rgb-matrix
,https://docs.sunfounder.com/projects/superkit-v3-pi/en/latest/Lesson_15_driving_dot-matrix_by_74hc595.html,Breadboard,https://www.sunfounder.com/products/sunfounder-breadboard-kit
,https://docs.sunfounder.com/projects/superkit-v3-pi/en/latest/Lesson_15_driving_dot-matrix_by_74hc595.html,T-Extension Board,https://www.sunfounder.com/products/t-shape-gpio-extension-board
,https://docs.sunfounder.com/projects/superkit-v3-pi/en/latest/Lesson_16_lcd1602.html,LCD1602,https://www.sunfounder.com/products/i2c-lcd1602-module
,https://docs.sunfounder.com/projects/superkit-v3-pi/en/latest/Lesson_16_lcd1602.html,Breadboard,https://www.sunfounder.com/products/sunfounder-breadboard-kit
,https://docs.sunfounder.com/projects/superkit-v3-pi/en/latest/Lesson_16_lcd1602.html,T-Extension Board,https://www.sunfounder.com/products/t-shape-gpio-extension-board
,https://docs.sunfounder.com/projects/superkit-v3-pi/en/latest/Lesson_17_adxl345.html,acceleration sensor ADXL345,https://www.sunfounder.com/products/digital-accelerometer
,https://docs.sunfounder.com/projects/superkit-v3-pi/en/latest/Lesson_17_adxl345.html,Breadboard,https://www.sunfounder.com/products/sunfounder-breadboard-kit
,https://docs.sunfounder.com/projects/superkit-v3-pi/en/latest/Lesson_17_adxl345.html,T-Extension Board,https://www.sunfounder.com/products/t-shape-gpio-extension-board
Sensor Kit V2 for Arduino,https://docs.sunfounder.com/projects/sensorkit-v2-arduino/en/latest/get_started.html,Uno R3 Board,https://www.sunfounder.com/products/arduino-unor3-control-board
,https://docs.sunfounder.com/projects/sensorkit-v2-arduino/en/latest/get_started.html,Mega 2560 Board,https://www.sunfounder.com/products/arduino-mega2560-board
,https://docs.sunfounder.com/projects/sensorkit-v2-arduino/en/latest/get_started.html,Nano Board,https://www.sunfounder.com/products/arduino-nano-board
,https://docs.sunfounder.com/projects/sensorkit-v2-arduino/en/latest/lesson_1.html,LCD1602 with an I2C bus,https://www.sunfounder.com/products/i2c-lcd1602-module
,https://docs.sunfounder.com/projects/sensorkit-v2-arduino/en/latest/lesson_1.html,SunFounder Uno board,https://www.sunfounder.com/products/arduino-unor3-control-board
,https://docs.sunfounder.com/projects/sensorkit-v2-arduino/en/latest/lesson_2.html,Hall sensor,https://www.sunfounder.com/products/analog-hall-sensor
,https://docs.sunfounder.com/projects/sensorkit-v2-arduino/en/latest/lesson_2.html,SunFounder Uno board,https://www.sunfounder.com/products/arduino-unor3-control-board
,https://docs.sunfounder.com/projects/sensorkit-v2-arduino/en/latest/lesson_3.html,switch Hall sensor,https://www.sunfounder.com/products/switch-hall-sensor
,https://docs.sunfounder.com/projects/sensorkit-v2-arduino/en/latest/lesson_3.html,SunFounder Uno board,https://www.sunfounder.com/products/arduino-unor3-control-board
,https://docs.sunfounder.com/projects/sensorkit-v2-arduino/en/latest/lesson_4.html,Analog Temperature Sensor module,https://www.sunfounder.com/products/analog-temperature-sensor-module
,https://docs.sunfounder.com/projects/sensorkit-v2-arduino/en/latest/lesson_4.html,SunFounder Uno board,https://www.sunfounder.com/products/arduino-unor3-control-board
,https://docs.sunfounder.com/projects/sensorkit-v2-arduino/en/latest/lesson_5.html,I2C LCD1602 module,https://www.sunfounder.com/products/i2c-lcd1602-module
,https://docs.sunfounder.com/projects/sensorkit-v2-arduino/en/latest/lesson_6.html,7-color auto-flash LED module,https://www.sunfounder.com/products/7-color-led-module
,https://docs.sunfounder.com/projects/sensorkit-v2-arduino/en/latest/lesson_8.html,RTC-DS1302 module,https://www.sunfounder.com/products/rtc-ds1302-module
,https://docs.sunfounder.com/projects/sensorkit-v2-arduino/en/latest/lesson_8.html,I2C LCD1602 module,https://www.sunfounder.com/products/i2c-lcd1602-module
,https://docs.sunfounder.com/projects/sensorkit-v2-arduino/en/latest/lesson_9.html,flame sensor module,https://www.sunfounder.com/products/flame-sensor-module?
,https://docs.sunfounder.com/projects/sensorkit-v2-arduino/en/latest/lesson_10.html,MQ-2 gas sensor module2,https://www.sunfounder.com/products/gas-sensor-module
,https://docs.sunfounder.com/projects/sensorkit-v2-arduino/en/latest/lesson_11.html,Humiture sensor module,https://www.sunfounder.com/products/humiture-sensor-module
,https://docs.sunfounder.com/projects/sensorkit-v2-arduino/en/latest/lesson_12.html,Joystick PS2 module,https://www.sunfounder.com/products/joystick-module
,https://docs.sunfounder.com/projects/sensorkit-v2-arduino/en/latest/lesson_13.html,Button module,https://www.sunfounder.com/products/button-module
,https://docs.sunfounder.com/projects/sensorkit-v2-arduino/en/latest/lesson_15.html,Touch Switch module,https://www.sunfounder.com/products/touch-switch
,https://docs.sunfounder.com/projects/sensorkit-v2-arduino/en/latest/lesson_16.html,Photo-interrupter module,https://www.sunfounder.com/products/photo-interrupter-module
,https://docs.sunfounder.com/projects/sensorkit-v2-arduino/en/latest/lesson_17.html,Photoresistor sensor module,https://www.sunfounder.com/products/photoresistor-sensor-module
,https://docs.sunfounder.com/projects/sensorkit-v2-arduino/en/latest/lesson_18.html,Reed Switch module,https://www.sunfounder.com/products/reed-switch-module
,https://docs.sunfounder.com/projects/sensorkit-v2-arduino/en/latest/lesson_19.html,Relay module,https://www.sunfounder.com/products/1channel-dc5v-relay-module
,https://docs.sunfounder.com/projects/sensorkit-v2-arduino/en/latest/lesson_20.html,Potentiometer module,https://www.sunfounder.com/products/potentiometer-module
,https://docs.sunfounder.com/projects/sensorkit-v2-arduino/en/latest/lesson_21.html,Tilt switch module,https://www.sunfounder.com/products/tilt-switch-module
,https://docs.sunfounder.com/projects/sensorkit-v2-arduino/en/latest/lesson_22.html,Active buzzer,https://www.sunfounder.com/products/active-buzzer-module
,https://docs.sunfounder.com/projects/sensorkit-v2-arduino/en/latest/lesson_22.html,Passive buzzer,https://www.sunfounder.com/products/passive-buzzer-module
,https://docs.sunfounder.com/projects/sensorkit-v2-arduino/en/latest/lesson_23.html,DS18B20 Temperature Sensor module,https://www.sunfounder.com/products/ds18b20hhc-temperature-sensor
,https://docs.sunfounder.com/projects/sensorkit-v2-arduino/en/latest/lesson_24.html,RGB LED module,https://www.sunfounder.com/products/rgb-led-module
,https://docs.sunfounder.com/projects/sensorkit-v2-arduino/en/latest/lesson_25.html,Infrared-receiver module,https://www.sunfounder.com/products/infrared-receiver-module
,https://docs.sunfounder.com/projects/sensorkit-v2-arduino/en/latest/lesson_26.html,Dual-color LED module,https://www.sunfounder.com/products/dual-color-led-module
,https://docs.sunfounder.com/projects/sensorkit-v2-arduino/en/latest/lesson_27.html,Sound Sensor module,https://www.sunfounder.com/products/sound-sensor
,https://docs.sunfounder.com/projects/sensorkit-v2-arduino/en/latest/lesson_28.html,Rotary Encoder module,https://www.sunfounder.com/products/rotary-encoder-module
,https://docs.sunfounder.com/projects/sensorkit-v2-arduino/en/latest/lesson_29.html,Laser transmitter module,https://www.sunfounder.com/products/laser-transmitter-module
,https://docs.sunfounder.com/projects/sensorkit-v2-arduino/en/latest/lesson_30.html,Tracking sensor module,https://www.sunfounder.com/products/tracking-sensor-module
,https://docs.sunfounder.com/projects/sensorkit-v2-arduino/en/latest/lesson_31.html,Obstacle avoidance sensor module,https://www.sunfounder.com/products/obstacle-avoidance-sensor
,https://docs.sunfounder.com/projects/sensorkit-v2-arduino/en/latest/lesson_33.html,AD/DA Converter PCF8591,https://www.sunfounder.com/products/pcf8591-converter-module
,https://docs.sunfounder.com/projects/sensorkit-v2-arduino/en/latest/lesson_34.html,Raindrop Sensor,https://www.sunfounder.com/products/raindrop-sensor
,https://docs.sunfounder.com/projects/sensorkit-v2-arduino/en/latest/lesson_35.html,Ultrasonic sensor,https://www.sunfounder.com/products/hcsr04-distance-sensor
,https://docs.sunfounder.com/projects/sensorkit-v2-arduino/en/latest/lesson_35.html,I2C LCD1602 module,https://www.sunfounder.com/products/i2c-lcd1602-module
,https://docs.sunfounder.com/projects/sensorkit-v2-arduino/en/latest/lesson_36.html,SunFounder Uno board,https://www.sunfounder.com/products/arduino-unor3-control-board
,https://docs.sunfounder.com/projects/sensorkit-v2-arduino/en/latest/lesson_36.html,Rotary Encoder module,https://www.sunfounder.com/products/rotary-encoder-module
,https://docs.sunfounder.com/projects/sensorkit-v2-arduino/en/latest/lesson_36.html,Thermistor module,https://www.sunfounder.com/products/thermistor-sensor-module
,https://docs.sunfounder.com/projects/sensorkit-v2-arduino/en/latest/lesson_36.html,I2C LCD1602 module,https://www.sunfounder.com/products/i2c-lcd1602-module
,https://docs.sunfounder.com/projects/sensorkit-v2-arduino/en/latest/lesson_36.html,Relay module,https://www.sunfounder.com/products/1channel-dc5v-relay-module
,https://docs.sunfounder.com/projects/sensorkit-v2-arduino/en/latest/lesson_36.html,Button module,https://www.sunfounder.com/products/button-module
,https://docs.sunfounder.com/projects/sensorkit-v2-arduino/en/latest/lesson_36.html,Breadboard,https://www.sunfounder.com/products/sunfounder-breadboard-kit
Sensor Kit V2 for Raspberry Pi,https://docs.sunfounder.com/projects/sensorkit-v2-pi/en/latest/,This sensor kit,https://www.sunfounder.com/products/sensor-kit-v2-for-raspberrypi
,https://docs.sunfounder.com/projects/sensorkit-v2-pi/en/latest/components.html,Dual-Color LED,https://www.sunfounder.com/products/dual-color-led-module
,https://docs.sunfounder.com/projects/sensorkit-v2-pi/en/latest/components.html,RGB LED,https://www.sunfounder.com/products/rgb-led-module
,https://docs.sunfounder.com/projects/sensorkit-v2-pi/en/latest/components.html,Auto Flash LED,https://www.sunfounder.com/products/7-color-led-module
,https://docs.sunfounder.com/projects/sensorkit-v2-pi/en/latest/components.html,Relay Module,https://www.sunfounder.com/products/1channel-dc5v-relay-module?
,https://docs.sunfounder.com/projects/sensorkit-v2-pi/en/latest/components.html,Laser Emitter,https://www.sunfounder.com/products/laser-transmitter-module
,https://docs.sunfounder.com/projects/sensorkit-v2-pi/en/latest/components.html,Button,https://www.sunfounder.com/products/button-module
,https://docs.sunfounder.com/projects/sensorkit-v2-pi/en/latest/components.html,Tilt-Switch,https://www.sunfounder.com/products/tilt-switch-module
,https://docs.sunfounder.com/projects/sensorkit-v2-pi/en/latest/components.html,Active Buzzer,https://www.sunfounder.com/products/active-buzzer-module
,https://docs.sunfounder.com/projects/sensorkit-v2-pi/en/latest/components.html,Passive Buzzer,https://www.sunfounder.com/products/passive-buzzer-module
,https://docs.sunfounder.com/projects/sensorkit-v2-pi/en/latest/components.html,Reed Switch,https://www.sunfounder.com/products/reed-switch-module
,https://docs.sunfounder.com/projects/sensorkit-v2-pi/en/latest/components.html,Photo - interrupter,https://www.sunfounder.com/products/photo-interrupter-module
,https://docs.sunfounder.com/projects/sensorkit-v2-pi/en/latest/components.html,AD/DA Converter PCF8591,https://www.sunfounder.com/products/pcf8591-converter-module
,https://docs.sunfounder.com/projects/sensorkit-v2-pi/en/latest/components.html,Raindrop Sensor,https://www.sunfounder.com/products/raindrop-sensor
,https://docs.sunfounder.com/projects/sensorkit-v2-pi/en/latest/components.html,Joystick PS2,https://www.sunfounder.com/products/joystick-module
,https://docs.sunfounder.com/projects/sensorkit-v2-pi/en/latest/components.html,Potentiometer,https://www.sunfounder.com/products/potentiometer-module
,https://docs.sunfounder.com/projects/sensorkit-v2-pi/en/latest/components.html,Analog Hall Sensor,https://www.sunfounder.com/products/analog-hall-sensor
,https://docs.sunfounder.com/projects/sensorkit-v2-pi/en/latest/components.html,Hall Switch Sensor,https://www.sunfounder.com/products/switch-hall-sensor
,https://docs.sunfounder.com/projects/sensorkit-v2-pi/en/latest/components.html,Analog Temperature Sensor,https://www.sunfounder.com/products/analog-temperature-sensor-module
,https://docs.sunfounder.com/projects/sensorkit-v2-pi/en/latest/components.html,Thermistor,https://www.sunfounder.com/products/thermistor-sensor-module
,https://docs.sunfounder.com/projects/sensorkit-v2-pi/en/latest/components.html,Sound Sensor,https://www.sunfounder.com/products/sound-sensor
,https://docs.sunfounder.com/projects/sensorkit-v2-pi/en/latest/components.html,Photoresistor,https://www.sunfounder.com/products/photoresistor-sensor-module
,https://docs.sunfounder.com/projects/sensorkit-v2-pi/en/latest/components.html,Flame Sensor,https://www.sunfounder.com/products/flame-sensor-module
,https://docs.sunfounder.com/projects/sensorkit-v2-pi/en/latest/components.html,Gas Sensor,https://www.sunfounder.com/products/gas-sensor-module
,https://docs.sunfounder.com/projects/sensorkit-v2-pi/en/latest/components.html,Touch Switch,https://www.sunfounder.com/products/touch-switch
,https://docs.sunfounder.com/projects/sensorkit-v2-pi/en/latest/components.html,Ultrasonic,https://www.sunfounder.com/products/hcsr04-distance-sensor
,https://docs.sunfounder.com/projects/sensorkit-v2-pi/en/latest/components.html,Temperature Sensor DS18B20,https://www.sunfounder.com/products/ds18b20hhc-temperature-sensor
,https://docs.sunfounder.com/projects/sensorkit-v2-pi/en/latest/components.html,Rotary Encoder,https://www.sunfounder.com/products/rotary-encoder-module
,https://docs.sunfounder.com/projects/sensorkit-v2-pi/en/latest/components.html,Humiture Sensor,https://www.sunfounder.com/products/humiture-sensor-module
,https://docs.sunfounder.com/projects/sensorkit-v2-pi/en/latest/components.html,IR Obstacle Module,https://www.sunfounder.com/products/obstacle-avoidance-sensor
,https://docs.sunfounder.com/projects/sensorkit-v2-pi/en/latest/components.html,I2C LCD1602 Module,https://www.sunfounder.com/products/i2c-lcd1602-module
,https://docs.sunfounder.com/projects/sensorkit-v2-pi/en/latest/components.html,MPU6050 Module,https://www.sunfounder.com/products/mpu605_module
,https://docs.sunfounder.com/projects/sensorkit-v2-pi/en/latest/components.html,RTC-DS1302 Module,https://www.sunfounder.com/products/rtc-ds1302-module
,https://docs.sunfounder.com/projects/sensorkit-v2-pi/en/latest/components.html,Tracking Sensor,https://www.sunfounder.com/products/tracking-sensor-module
,https://docs.sunfounder.com/projects/sensorkit-v2-pi/en/latest/components.html,Breadboard,https://www.sunfounder.com/products/sunfounder-breadboard-kit
,https://docs.sunfounder.com/projects/sensorkit-v2-pi/en/latest/what_we_need.html,USB keyboard and a USB mouse,https://www.sunfounder.com/products/keyboard-mouse
,https://docs.sunfounder.com/projects/sensorkit-v2-pi/en/latest/what_we_need.html,power supply,https://www.sunfounder.com/products/power-supply-with-switch
,https://docs.sunfounder.com/projects/sensorkit-v2-pi/en/latest/what_we_need.html,micro SD card,https://www.sunfounder.com/products/noobs-sdcard
,https://docs.sunfounder.com/projects/sensorkit-v2-pi/en/latest/what_we_need.html,screen,https://www.sunfounder.com/collections/monitors
,https://docs.sunfounder.com/projects/sensorkit-v2-pi/en/latest/what_we_need.html,case,https://www.sunfounder.com/collections/raspberry-pi-cases
,https://docs.sunfounder.com/projects/sensorkit-v2-pi/en/latest/set_up_your_raspberry_pi.html,Micro SD reader,https://www.sunfounder.com/products/microsd-card-reader
,https://docs.sunfounder.com/projects/sensorkit-v2-pi/en/latest/set_up_your_raspberry_pi.html,Micro SD card,https://www.sunfounder.com/products/noobs-sdcard
,https://docs.sunfounder.com/projects/sensorkit-v2-pi/en/latest/set_up_your_raspberry_pi.html,power adapter,https://www.sunfounder.com/products/power-supply-with-switch
,https://docs.sunfounder.com/projects/sensorkit-v2-pi/en/latest/lesson_1.html,Dual-color LED module,https://www.sunfounder.com/products/dual-color-led-module
,https://docs.sunfounder.com/projects/sensorkit-v2-pi/en/latest/lesson_2.html,RGB LED module,https://www.sunfounder.com/products/rgb-led-module
,https://docs.sunfounder.com/projects/sensorkit-v2-pi/en/latest/lesson_3.html,7-Color Auto-flash LED module,https://www.sunfounder.com/products/7-color-led-module
,https://docs.sunfounder.com/projects/sensorkit-v2-pi/en/latest/lesson_4.html,Relay module,https://www.sunfounder.com/products/1channel-dc5v-relay-module?
,https://docs.sunfounder.com/projects/sensorkit-v2-pi/en/latest/lesson_4.html,Dual-color LED module,https://www.sunfounder.com/products/dual-color-led-module
,https://docs.sunfounder.com/projects/sensorkit-v2-pi/en/latest/lesson_4.html,Breadboard,https://www.sunfounder.com/products/sunfounder-breadboard-kit
,https://docs.sunfounder.com/projects/sensorkit-v2-pi/en/latest/lesson_5.html,Laser Emitter module,https://www.sunfounder.com/products/laser-transmitter-module
,https://docs.sunfounder.com/projects/sensorkit-v2-pi/en/latest/lesson_6.html,Button module,https://www.sunfounder.com/products/button-module
,https://docs.sunfounder.com/projects/sensorkit-v2-pi/en/latest/lesson_6.html,Dual-color LED module,https://www.sunfounder.com/products/dual-color-led-module
,https://docs.sunfounder.com/projects/sensorkit-v2-pi/en/latest/lesson_7.html,Dual-color LED module,https://www.sunfounder.com/products/dual-color-led-module
,https://docs.sunfounder.com/projects/sensorkit-v2-pi/en/latest/lesson_7.html,Tilt-switch module,https://www.sunfounder.com/products/tilt-switch-module
,https://docs.sunfounder.com/projects/sensorkit-v2-pi/en/latest/lesson_9.html,IR receiver module,https://www.sunfounder.com/products/infrared-receiver-module
,https://docs.sunfounder.com/projects/sensorkit-v2-pi/en/latest/lesson_10.html,Active buzzer module,https://www.sunfounder.com/products/active-buzzer-module
,https://docs.sunfounder.com/projects/sensorkit-v2-pi/en/latest/lesson_10.html,Passive buzzer module,https://www.sunfounder.com/products/passive-buzzer-module
,https://docs.sunfounder.com/projects/sensorkit-v2-pi/en/latest/lesson_11.html,Reed switch module,https://www.sunfounder.com/products/reed-switch-module
,https://docs.sunfounder.com/projects/sensorkit-v2-pi/en/latest/lesson_11.html,Dual-color LED module,https://www.sunfounder.com/products/dual-color-led-module
,https://docs.sunfounder.com/projects/sensorkit-v2-pi/en/latest/lesson_12.html,Dual-color LED module,https://www.sunfounder.com/products/dual-color-led-module
,https://docs.sunfounder.com/projects/sensorkit-v2-pi/en/latest/lesson_12.html,Photo-interrupter module,https://www.sunfounder.com/products/photo-interrupter-module
,https://docs.sunfounder.com/projects/sensorkit-v2-pi/en/latest/lesson_13.html,PCF8591 module,https://www.sunfounder.com/products/pcf8591-converter-module
,https://docs.sunfounder.com/projects/sensorkit-v2-pi/en/latest/lesson_14.html,Rain Detection module,https://www.sunfounder.com/products/raindrop-sensor
,https://docs.sunfounder.com/projects/sensorkit-v2-pi/en/latest/lesson_15.html,Joystick PS2 module,https://www.sunfounder.com/products/joystick-module
,https://docs.sunfounder.com/projects/sensorkit-v2-pi/en/latest/lesson_16.html,Potentiometer module,https://www.sunfounder.com/products/photoresistor-sensor-module
,https://docs.sunfounder.com/projects/sensorkit-v2-pi/en/latest/lesson_16.html,Dual-Color LED module,https://www.sunfounder.com/products/dual-color-led-module
,https://docs.sunfounder.com/projects/sensorkit-v2-pi/en/latest/lesson_17.html,Analog Hall Switch module,https://www.sunfounder.com/products/analog-hall-sensor
,https://docs.sunfounder.com/projects/sensorkit-v2-pi/en/latest/lesson_17.html,Dual-color LED module,https://www.sunfounder.com/products/dual-color-led-module
,https://docs.sunfounder.com/projects/sensorkit-v2-pi/en/latest/lesson_17.html,Switch hall module,https://www.sunfounder.com/products/switch-hall-sensor
,https://docs.sunfounder.com/projects/sensorkit-v2-pi/en/latest/lesson_18.html,Analog-temperature Sensor module,https://www.sunfounder.com/products/analog-temperature-sensor-module
,https://docs.sunfounder.com/projects/sensorkit-v2-pi/en/latest/lesson_18.html,Thermistor module,https://www.sunfounder.com/products/thermistor-sensor-module
,https://docs.sunfounder.com/projects/sensorkit-v2-pi/en/latest/lesson_19.html,Sound sensor module,https://www.sunfounder.com/products/sound-sensor
,https://docs.sunfounder.com/projects/sensorkit-v2-pi/en/latest/lesson_20.html,Photoresistor module,https://www.sunfounder.com/products/photoresistor-sensor-module
,https://docs.sunfounder.com/projects/sensorkit-v2-pi/en/latest/lesson_21.html,Flame sensor module,https://www.sunfounder.com/products/flame-sensor-module
,https://docs.sunfounder.com/projects/sensorkit-v2-pi/en/latest/lesson_21.html,PCF8591,https://www.sunfounder.com/products/pcf8591-converter-module
,https://docs.sunfounder.com/projects/sensorkit-v2-pi/en/latest/lesson_22.html,Active Buzzer module,https://www.sunfounder.com/products/active-buzzer-module
,https://docs.sunfounder.com/projects/sensorkit-v2-pi/en/latest/lesson_22.html,PCF8591,https://www.sunfounder.com/products/pcf8591-converter-module
,https://docs.sunfounder.com/projects/sensorkit-v2-pi/en/latest/lesson_22.html,Gas sensor module,https://www.sunfounder.com/products/gas-sensor-module
,https://docs.sunfounder.com/projects/sensorkit-v2-pi/en/latest/lesson_23.html,IR Receiver,https://www.sunfounder.com/products/infrared-receiver-module
,https://docs.sunfounder.com/projects/sensorkit-v2-pi/en/latest/lesson_23.html,RGB LED module,https://www.sunfounder.com/products/rgb-led-module
,https://docs.sunfounder.com/projects/sensorkit-v2-pi/en/latest/lesson_24.html,Breadboard,https://www.sunfounder.com/products/sunfounder-breadboard-kit
,https://docs.sunfounder.com/projects/sensorkit-v2-pi/en/latest/lesson_24.html,Touch sensor module,https://www.sunfounder.com/products/touch-switch
,https://docs.sunfounder.com/projects/sensorkit-v2-pi/en/latest/lesson_24.html,Dual-Color LED module,https://www.sunfounder.com/products/dual-color-led-module
,https://docs.sunfounder.com/projects/sensorkit-v2-pi/en/latest/lesson_25.html,Ultrasonic ranging module,https://www.sunfounder.com/products/hcsr04-distance-sensor
,https://docs.sunfounder.com/projects/sensorkit-v2-pi/en/latest/lesson_26.html,DS18B20 Temperature Sensor module,https://www.sunfounder.com/products/ds18b20hhc-temperature-sensor
,https://docs.sunfounder.com/projects/sensorkit-v2-pi/en/latest/lesson_27.html,Rotary Encoder module,https://www.sunfounder.com/products/rotary-encoder-module
,https://docs.sunfounder.com/projects/sensorkit-v2-pi/en/latest/lesson_28.html,Humiture module,https://www.sunfounder.com/products/humiture-sensor-module
,https://docs.sunfounder.com/projects/sensorkit-v2-pi/en/latest/lesson_29.html,IR Obstacle module,https://www.sunfounder.com/products/obstacle-avoidance-sensor
,https://docs.sunfounder.com/projects/sensorkit-v2-pi/en/latest/lesson_30.html,I2C LCD1602,https://www.sunfounder.com/products/i2c-lcd1602-module
,https://docs.sunfounder.com/projects/sensorkit-v2-pi/en/latest/lesson_32.html,MPU-6050 module,https://www.sunfounder.com/products/mpu605_module
,https://docs.sunfounder.com/projects/sensorkit-v2-pi/en/latest/lesson_33.html,DS1302 RTC module,https://www.sunfounder.com/products/rtc-ds1302-module
,https://docs.sunfounder.com/projects/sensorkit-v2-pi/en/latest/lesson_34.html,Tracking sensor module,https://www.sunfounder.com/products/tracking-sensor-module
,https://docs.sunfounder.com/projects/sensorkit-v2-pi/en/latest/lesson_35.html,Active Buzzer,https://www.sunfounder.com/products/active-buzzer-module
,https://docs.sunfounder.com/projects/sensorkit-v2-pi/en/latest/lesson_35.html,RGB LED Module,https://www.sunfounder.com/products/rgb-led-module
,https://docs.sunfounder.com/projects/sensorkit-v2-pi/en/latest/lesson_35.html,DS18B20 Temperature Sensor,https://www.sunfounder.com/products/ds18b20hhc-temperature-sensor
,https://docs.sunfounder.com/projects/sensorkit-v2-pi/en/latest/lesson_35.html,PCF8591,https://www.sunfounder.com/products/pcf8591-converter-module
,https://docs.sunfounder.com/projects/sensorkit-v2-pi/en/latest/lesson_35.html,Joystick PS2,https://www.sunfounder.com/products/joystick-module
PiCar-V Car Kit,https://docs.sunfounder.com/projects/picar-v/en/latest/,PiCar-V,https://www.sunfounder.com/products/smart-video-car
,https://docs.sunfounder.com/projects/picar-v/en/latest/components_list.html,Servo,https://www.sunfounder.com/products/sg90-micro-digital-servo
,https://docs.sunfounder.com/projects/picar-v/en/latest/introduction.html,PiCar-V,https://www.sunfounder.com/products/smart-video-car
,https://docs.sunfounder.com/projects/picar-v/en/latest/introduction.html,Smart Video Car Kit,https://www.sunfounder.com/products/smart-video-car-kit-for-raspberrypi
,https://docs.sunfounder.com/projects/picar-v/en/latest/servo_configuration.html,servos,https://www.sunfounder.com/products/sg90-micro-digital-servo
PiCar-S Car Kit,https://docs.sunfounder.com/projects/picar-s/en/latest/,PiCar-S,https://www.sunfounder.com/products/raspberrypi-sensor-car
,https://docs.sunfounder.com/projects/picar-s/en/latest/components_list.html,Servo,https://www.sunfounder.com/products/sg90-micro-digital-servo
,https://docs.sunfounder.com/projects/picar-s/en/latest/introduction.html,light follower,https://www.sunfounder.com/products/3channel-light-follower-module
,https://docs.sunfounder.com/projects/picar-s/en/latest/introduction.html,line follower,https://www.sunfounder.com/products/5channel-line-follower-module
,https://docs.sunfounder.com/projects/picar-s/en/latest/introduction.html,ultrasonic obstacle avoidance,https://www.sunfounder.com/products/sr02-ultrasonic-distance
,https://docs.sunfounder.com/projects/picar-s/en/latest/servo_configuration.html,servos,https://www.sunfounder.com/products/sg90-micro-digital-servo
,https://docs.sunfounder.com/projects/picar-s/en/latest/modules.html#,PCA9685 16-channel 12-bit I2C Bus PWM driver.,https://www.sunfounder.com/products/16-channel-i2c-driver-shield
,https://docs.sunfounder.com/projects/picar-s/en/latest/modules.html#,Line Follower Module,https://www.sunfounder.com/products/5channel-line-follower-module
,https://docs.sunfounder.com/projects/picar-s/en/latest/modules.html#,Light Follower Module,https://www.sunfounder.com/products/3channel-light-follower-module
,https://docs.sunfounder.com/projects/picar-s/en/latest/modules.html#,Ultrasonic Obstacle Avoidance Module,https://www.sunfounder.com/products/sr02-ultrasonic-distance
,https://docs.sunfounder.com/projects/picar-s/en/latest/modules.html#,SunFounder SF0180 Servo,https://www.sunfounder.com/products/sg90-micro-digital-servo
Picar-4wd Car Kit,https://docs.sunfounder.com/projects/picar-4wd/en/latest/,PiCar-4wd,https://www.sunfounder.com/products/raspberry-pi-car-robot-kit-4wd
,https://docs.sunfounder.com/projects/picar-4wd/en/latest/,ultrasonic module,https://www.sunfounder.com/products/hcsr04-distance-sensor
PiCar-X Car Kit,https://docs.sunfounder.com/projects/picar-x/en/latest/,PiCar-X,https://www.sunfounder.com/products/picar-x
,https://docs.sunfounder.com/projects/picar-x/en/latest/,ultrasonic module,https://www.sunfounder.com/products/hcsr04-distance-sensor
,https://docs.sunfounder.com/projects/picar-x/en/latest/play_with_ezblock.html,Ezblock,https://ezblock.cc/
,https://docs.sunfounder.com/projects/picar-x/en/latest/introduction.html#about-picar-x,PiCar-X,https://www.sunfounder.com/products/picar-x
,https://docs.sunfounder.com/projects/picar-x/en/latest/ezblock_move.html,PiCar-X,https://www.sunfounder.com/products/picar-x
,https://docs.sunfounder.com/projects/picar-x/en/latest/ezblock_ultrasonic.html,PiCar-X,https://www.sunfounder.com/products/picar-x
,https://docs.sunfounder.com/projects/picar-x/en/latest/ezblock_ultrasonic.html,Ultrasonic Sensor module,https://www.sunfounder.com/products/hcsr04-distance-sensor
,https://docs.sunfounder.com/projects/picar-x/en/latest/ezblock_grayscale.html,PiCar-X,https://www.sunfounder.com/products/picar-x
,https://docs.sunfounder.com/projects/picar-x/en/latest/ezblock_color_detection.html,PiCar-X,https://www.sunfounder.com/products/picar-x
,https://docs.sunfounder.com/projects/picar-x/en/latest/ezblock_face_detection.html,PiCar-X,https://www.sunfounder.com/products/picar-x
,https://docs.sunfounder.com/projects/picar-x/en/latest/ezblock_sound_effect.html,PiCar-X,https://www.sunfounder.com/products/picar-x
,https://docs.sunfounder.com/projects/picar-x/en/latest/ezblock_background_music.html,PiCar-X,https://www.sunfounder.com/products/picar-x
,https://docs.sunfounder.com/projects/picar-x/en/latest/ezblock_say_hello.html,PiCar-X,https://www.sunfounder.com/products/picar-x
,https://docs.sunfounder.com/projects/picar-x/en/latest/ezblock_minecart.html,PiCar-X,https://www.sunfounder.com/products/picar-x
,https://docs.sunfounder.com/projects/picar-x/en/latest/ezblock_bullfight.html,PiCar-X,https://www.sunfounder.com/products/picar-x
,https://docs.sunfounder.com/projects/picar-x/en/latest/ezblock_beware_pedestrians.html,PiCar-X,https://www.sunfounder.com/products/picar-x
,https://docs.sunfounder.com/projects/picar-x/en/latest/ezblock_orienteering.html,PiCar-X,https://www.sunfounder.com/products/picar-x
,https://docs.sunfounder.com/projects/picar-x/en/latest/python_move.html,PiCar-X,https://www.sunfounder.com/products/picar-x
,https://docs.sunfounder.com/projects/picar-x/en/latest/python_avoid.html,ultrasonic module,https://www.sunfounder.com/products/hcsr04-distance-sensor
PiSloth Robot Kit,https://docs.sunfounder.com/projects/pisloth/en/latest/,PiSloth is a Raspberry Pi Bionic robot,https://www.sunfounder.com/products/pisloth
,https://docs.sunfounder.com/projects/pisloth/en/latest/,Ezblock Studio,https://ezblock.cc/
,https://docs.sunfounder.com/projects/pisloth/en/latest/ezblock/play_with_ezblock.html,Ezblock,https://ezblock.cc/
,https://docs.sunfounder.com/projects/pisloth/en/latest/ezblock/move_ez.html,PiSloth,https://www.sunfounder.com/products/pisloth
,https://docs.sunfounder.com/projects/pisloth/en/latest/ezblock/obstacle_avoidance_ez.html,ultrasonic sensor module,https://www.sunfounder.com/products/hcsr04-distance-sensor
,https://docs.sunfounder.com/projects/pisloth/en/latest/preparation/what_do_we_need.html,power supply,https://www.sunfounder.com/products/power-supply-with-switch
,https://docs.sunfounder.com/projects/pisloth/en/latest/preparation/what_do_we_need.html,Micro SD card,https://www.sunfounder.com/products/noobs-sdcard
,https://docs.sunfounder.com/projects/pisloth/en/latest/preparation/what_do_we_need.html,screen,https://www.sunfounder.com/collections/monitors
,https://docs.sunfounder.com/projects/pisloth/en/latest/preparation/what_do_we_need.html,a USB keyboard and a USB mouse,https://www.sunfounder.com/products/keyboard-mouse
,https://docs.sunfounder.com/projects/pisloth/en/latest/preparation/what_do_we_need.html,case,https://www.sunfounder.com/collections/raspberry-pi-cases
,https://docs.sunfounder.com/projects/pisloth/en/latest/obstacle_avoidance.html,ultrasonic module,https://www.sunfounder.com/products/hcsr04-distance-sensor
Rollarm for Arduino,https://docs.sunfounder.com/projects/rollarm/en/latest/,The Rollarm Kit for Arduino,https://www.sunfounder.com/products/arduino-robot-arm-kit
,https://docs.sunfounder.com/projects/rollarm/en/latest/,Arduino UNO,https://www.sunfounder.com/products/arduino-unor3-control-board
,https://docs.sunfounder.com/projects/rollarm/en/latest/introduction.html,Rollarm Kit,https://www.sunfounder.com/products/arduino-robot-arm-kit
,https://docs.sunfounder.com/projects/rollarm/en/latest/introduction.html,servo,https://www.sunfounder.com/products/sg90-micro-digital-servo
,https://docs.sunfounder.com/projects/rollarm/en/latest/introduction.html,SunFounder Uno board,https://www.sunfounder.com/products/arduino-unor3-control-board
,https://docs.sunfounder.com/projects/rollarm/en/latest/introduction.html,installation and debugging video tutorials,https://youtu.be/CJe7N48i7EE
PiPower,https://docs.sunfounder.com/projects/pipower/en/latest/introduction.html,power supply module for Raspberry Pi,https://www.sunfounder.com/products/power-pack
Rascam- DIY Camera Kit,https://docs.sunfounder.com/projects/rascam/en/latest/index.html,Rascam is a RPi-based camera,https://www.sunfounder.com/products/rpi-camera-kit
,https://docs.sunfounder.com/projects/rascam/en/latest/burn_raspberry_pi_os_system.html,Power Adapter,https://www.sunfounder.com/products/power-supply-with-switch
,https://docs.sunfounder.com/projects/rascam/en/latest/burn_raspberry_pi_os_system.html,Mirco SD Card,https://www.sunfounder.com/products/noobs-sdcard
RasPad 3,https://docs.raspad.com/en/latest/,RasPad 3,https://raspad.com/products/raspadv3
,https://docs.raspad.com/en/latest/what_the_raspad_can_do.html,RasPad 3,https://raspad.com/products/raspadv3
,https://docs.raspad.com/en/latest/retro_games_console.html,gamepad,https://www.sunfounder.com/products/usb-retropie-gamepad
,https://docs.raspad.com/en/latest/retro_games_console.html,keyboard,https://www.sunfounder.com/products/keyboard-mouse
,https://docs.raspad.com/en/latest/iot_project.html,Cloud4RPi,https://cloud4rpi.io/
,https://docs.raspad.com/en/latest/gpio_programming.html,RasPad 3,https://raspad.com/products/raspadv3
,https://docs.raspad.com/en/latest/appendix.html,RasPad 3,https://raspad.com/products/raspadv3
TS-7 7-inch DIY Touch Screen,https://docs.sunfounder.com/projects/ts-7/en/latest/index.html,7-inch touch screen,https://www.sunfounder.com/products/7inch-ips-touchscreen
TS-7C 7-inch Touch Screen,https://docs.sunfounder.com/projects/ts-7c/en/latest/index.html,SunFounder 7 inch Touchsceen,https://www.sunfounder.com/products/7inch-capacitive-touchscreen
TS-10 10.1-inch Touch Screen,https://docs.sunfounder.com/projects/ts-10/en/latest/,SunFounder 10.1’’ IPS monitor,https://www.sunfounder.com/products/10inch-touchscreen-for-raspberrypi
